percent_below,sample_size,corrected_sample_size
89.6466666666667,45,40.8713225036247
89.6466666666667,45,40.8713225036247
96.16,50,47.2905280597414
96.16,50,47.2905280597414
