percent_below,sample_size,corrected_sample_size
86.3766666666667,45,41.0549028997842
86.3766666666667,45,41.0549028997842
93.8,50,47.2893914153832
98.2966666666667,55,53.3399468373129
