percent_below,sample_size,corrected_sample_size
90.9366666666667,40,34.8694248359582
90.9366666666667,40,34.8694248359582
90.9366666666667,40,34.8694248359582
97.8466666666667,45,41.9178561899984
