percent_below,sample_size,corrected_sample_size
89.5966666666667,40,34.5563483037266
89.5966666666667,40,34.5563483037266
98.8266666666667,45,41.7610818256685
98.8266666666667,45,41.7610818256685
