percent_below,sample_size,corrected_sample_size
81.1333333333334,40,35.0671856094495
92.1,45,41.4193825314783
92.1,45,41.4193825314783
98.0266666666667,50,47.9421018889478
