percent_below,sample_size,corrected_sample_size
88.3666666666667,45,40.6968119836035
88.3666666666667,45,40.6968119836035
95.8433333333333,50,47.1064448387836
95.8433333333333,50,47.1064448387836
