percent_below,sample_size,corrected_sample_size
84.0466666666667,40,34.3003000725683
94.43,45,41.0002868767577
94.43,45,41.0002868767577
99.4333333333333,50,47.5430197117625
