percent_below,sample_size,corrected_sample_size
87.7333333333333,45,40.9491112601756
87.7333333333333,45,40.9491112601756
95.26,50,47.3093105042643
95.26,50,47.3093105042643
