percent_below,sample_size,corrected_sample_size
86.6033333333333,45,40.8059168797063
86.6033333333333,45,40.8059168797063
95.68,50,47.1954753016344
95.68,50,47.1954753016344
