percent_below,sample_size,corrected_sample_size
96.37,40,35.3615669931783
96.37,40,35.3615669931783
96.37,40,35.3615669931783
96.37,40,35.3615669931783
