percent_below,sample_size,corrected_sample_size
83.3133333333333,40,34.5434517472245
92.8466666666667,45,41.0960419451324
92.8466666666667,45,41.0960419451324
97.8033333333333,50,47.5516701096877
